{
  "training_stats": {
    "total_records": 85828,
    "unique_observations": 47,
    "final_samples": 517,
    "presence_samples": 47,
    "absence_samples": 470,
    "total_features": 59,
    "feature_categories": {
      "location": 3,
      "daily_weather": 10,
      "temporal_aggregates": 40,
      "temporal_context": 2,
      "cyclic_seasonal": 4
    },
    "training_date": "2025-08-23T23:39:00.294379",
    "train_samples": 413,
    "test_samples": 104,
    "model_params": {
      "bootstrap": true,
      "ccp_alpha": 0.0,
      "class_weight": "balanced_subsample",
      "criterion": "gini",
      "max_depth": null,
      "max_features": "sqrt",
      "max_leaf_nodes": null,
      "max_samples": null,
      "min_impurity_decrease": 0.0,
      "min_samples_leaf": 3,
      "min_samples_split": 2,
      "min_weight_fraction_leaf": 0.0,
      "monotonic_cst": null,
      "n_estimators": 400,
      "n_jobs": -1,
      "oob_score": true,
      "random_state": 42,
      "verbose": 0,
      "warm_start": false
    }
  },
  "evaluation_results": {
    "train_accuracy": 0.9951573849878934,
    "test_accuracy": 0.9519230769230769,
    "auc_score": 0.8350877192982455,
    "oob_score": 0.9176755447941889,
    "classification_report": {
      "0": {
        "precision": 0.9591836734693877,
        "recall": 0.9894736842105263,
        "f1-score": 0.9740932642487047,
        "support": 95.0
      },
      "1": {
        "precision": 0.8333333333333334,
        "recall": 0.5555555555555556,
        "f1-score": 0.6666666666666666,
        "support": 9.0
      },
      "accuracy": 0.9519230769230769,
      "macro avg": {
        "precision": 0.8962585034013606,
        "recall": 0.7725146198830409,
        "f1-score": 0.8203799654576857,
        "support": 104.0
      },
      "weighted avg": {
        "precision": 0.9482927786499216,
        "recall": 0.9519230769230769,
        "f1-score": 0.9474890394579514,
        "support": 104.0
      }
    },
    "confusion_matrix": [
      [
        94,
        1
      ],
      [
        4,
        5
      ]
    ],
    "roc_curve": {
      "fpr": [
        0.0,
        0.0,
        0.0,
        0.09473684210526316,
        0.09473684210526316,
        0.3368421052631579,
        0.3368421052631579,
        0.4421052631578947,
        0.4421052631578947,
        0.6105263157894737,
        0.6105263157894737,
        1.0
      ],
      "tpr": [
        0.0,
        0.1111111111111111,
        0.5555555555555556,
        0.5555555555555556,
        0.6666666666666666,
        0.6666666666666666,
        0.7777777777777778,
        0.7777777777777778,
        0.8888888888888888,
        0.8888888888888888,
        1.0,
        1.0
      ]
    },
    "cv_auc_mean": 0.7974761904761904,
    "cv_auc_std": 0.08940678775207798
  },
  "feature_importance": [
    {
      "feature": "day_of_year",
      "importance": 0.07264951899737253
    },
    {
      "feature": "sin_doy",
      "importance": 0.07142736381814599
    },
    {
      "feature": "CLRSKY_SFC_SW_DWN",
      "importance": 0.058800003879792825
    },
    {
      "feature": "cos_doy",
      "importance": 0.05508022989661074
    },
    {
      "feature": "sin_month",
      "importance": 0.04822066631735702
    },
    {
      "feature": "ALLSKY_SFC_SW_DWN",
      "importance": 0.045514486779719567
    },
    {
      "feature": "month",
      "importance": 0.03642867522061639
    },
    {
      "feature": "TS",
      "importance": 0.034960104172830735
    },
    {
      "feature": "T2M_MIN",
      "importance": 0.032640474679243435
    },
    {
      "feature": "T2M_MAX",
      "importance": 0.029633169215542255
    },
    {
      "feature": "T2M",
      "importance": 0.02918808602362011
    },
    {
      "feature": "WS2M",
      "importance": 0.026271688356934678
    },
    {
      "feature": "RH2M",
      "importance": 0.023560954582331026
    },
    {
      "feature": "wind_mean_90",
      "importance": 0.02016423889681401
    },
    {
      "feature": "cos_month",
      "importance": 0.020046016045527894
    },
    {
      "feature": "gdd_base10_sum_90",
      "importance": 0.019925881912219855
    },
    {
      "feature": "TQV",
      "importance": 0.019403672713542458
    },
    {
      "feature": "PRECTOTCORR",
      "importance": 0.019245486371691788
    },
    {
      "feature": "t2m_mean_30",
      "importance": 0.018806209101638317
    },
    {
      "feature": "t2m_mean_7",
      "importance": 0.018571752132100244
    },
    {
      "feature": "t2m_mean_90",
      "importance": 0.018018177178629514
    },
    {
      "feature": "t2m_min_90",
      "importance": 0.017850369782195726
    },
    {
      "feature": "gdd_base10_sum_7",
      "importance": 0.017144540810766228
    },
    {
      "feature": "t2m_max_90",
      "importance": 0.01683163628261643
    },
    {
      "feature": "gdd_base10_sum_30",
      "importance": 0.014978439670336827
    },
    {
      "feature": "t2m_min_7",
      "importance": 0.014244740609400772
    },
    {
      "feature": "t2m_max_7",
      "importance": 0.013626119997966512
    },
    {
      "feature": "rain_sum_30",
      "importance": 0.013045798072572314
    },
    {
      "feature": "rain_sum_90",
      "importance": 0.012418274685483288
    },
    {
      "feature": "t2m_min_30",
      "importance": 0.012218888047638692
    },
    {
      "feature": "wind_mean_30",
      "importance": 0.011206420969110542
    },
    {
      "feature": "t2m_max_30",
      "importance": 0.011122834006032206
    },
    {
      "feature": "cloud_index_mean_365",
      "importance": 0.010279818158188734
    },
    {
      "feature": "wind_mean_7",
      "importance": 0.00869714322998898
    },
    {
      "feature": "rh2m_mean_365",
      "importance": 0.008493063851758862
    },
    {
      "feature": "rain_sum_7",
      "importance": 0.007993889210844004
    },
    {
      "feature": "cloud_index_mean_90",
      "importance": 0.007595005303925489
    },
    {
      "feature": "cloud_index_mean_30",
      "importance": 0.007592196288942093
    },
    {
      "feature": "gdd_base10_sum_365",
      "importance": 0.0074401780424277345
    },
    {
      "feature": "rain_sum_365",
      "importance": 0.007418513453573461
    },
    {
      "feature": "t2m_max_365",
      "importance": 0.0072701535740986875
    },
    {
      "feature": "longitude_x",
      "importance": 0.007231367821679291
    },
    {
      "feature": "cloud_index_mean_7",
      "importance": 0.00673655369825346
    },
    {
      "feature": "latitude_x",
      "importance": 0.006314011069846457
    },
    {
      "feature": "t2m_mean_365",
      "importance": 0.005854970735855281
    },
    {
      "feature": "t2m_min_365",
      "importance": 0.005732968991884577
    },
    {
      "feature": "rh2m_mean_90",
      "importance": 0.005454099768831926
    },
    {
      "feature": "rh2m_mean_7",
      "importance": 0.005202049075877283
    },
    {
      "feature": "wind_mean_365",
      "importance": 0.0051472652215803745
    },
    {
      "feature": "rh2m_mean_30",
      "importance": 0.004316155465161301
    },
    {
      "feature": "heat_days_gt30_90",
      "importance": 0.0011086215488304999
    },
    {
      "feature": "heat_days_gt30_30",
      "importance": 0.0004019443742404443
    },
    {
      "feature": "elevation",
      "importance": 0.0003576145534402751
    },
    {
      "feature": "heat_days_gt30_365",
      "importance": 0.00011749733436980267
    },
    {
      "feature": "heat_days_gt30_7",
      "importance": 8.270933554535635e-20
    },
    {
      "feature": "frost_days_lt0_7",
      "importance": 0.0
    },
    {
      "feature": "frost_days_lt0_30",
      "importance": 0.0
    },
    {
      "feature": "frost_days_lt0_90",
      "importance": 0.0
    },
    {
      "feature": "frost_days_lt0_365",
      "importance": 0.0
    }
  ],
  "model_parameters": {
    "bootstrap": true,
    "ccp_alpha": 0.0,
    "class_weight": "balanced_subsample",